{
  "_fv": 18,
  "_type": "achievement",
  "definition": {
    "achievementName": "Becoming OP",
    "achievementDescription": "Place A Block Of Prean",
    "achievementIcon": {
      "value": "CUSTOM:Prean"
    },
    "background": "Default",
    "disableDisplay": false,
    "showPopup": true,
    "announceToChat": true,
    "hideIfNotCompleted": false,
    "rewardLoot": [],
    "rewardRecipes": [
      "PreanBlockToPrean",
      "PreanToPreanBlock",
      "PreanPickCrafter",
      "PreanSwordCraft",
      "PreanOreToPreanSmelt",
      "PreanChestplateCraft",
      "PreanLeggingsCraft",
      "PreanBootsCraft",
      "PreanHelmetCraft",
      "PreanAxeCraft",
      "PreanShovelCraft",
      "PreanHoeCraft",
      "PreaneryAndSteel",
      "PreanSpawnerCraft",
      "PreanBowCraft"
    ],
    "rewardFunction": "No function",
    "rewardXP": 30000,
    "achievementType": "challenge",
    "parent": {
      "value": "story/iron_tools"
    },
    "triggerxml": "<xml xmlns=\"https://developers.google.com/blockly/xml\"><block type=\"block_placed\" x=\"31\" y=\"82\"><value name=\"block\"><block type=\"mcitem_allblocks\"><field name=\"value\">CUSTOM:PreanBlock</field></block></value><next><block type=\"advancement_trigger\" deletable=\"false\"></block></next></block></xml>"
  }
}