{
  "_fv": 18,
  "_type": "structure",
  "definition": {
    "structure": "prean_lake",
    "randomlyRotateStructure": true,
    "surfaceDetectionType": "First block",
    "spawnProbability": 100000,
    "minCountPerChunk": 10,
    "maxCountPerChunk": 10,
    "spawnLocation": "Ground",
    "spawnHeightOffset": 0,
    "spawnXOffset": 0,
    "spawnZOffset": 0,
    "spawnWorldTypes": [
      "CUSTOM:Preanery"
    ],
    "restrictionBlocks": [],
    "restrictionBiomes": [],
    "ignoreBlocks": "AIR_AND_STRUCTURE_BLOCK"
  }
}