{
  "_fv": 18,
  "_type": "biome",
  "definition": {
    "name": "Preanery",
    "groundBlock": {
      "value": "CUSTOM:PreanBlock"
    },
    "undergroundBlock": {
      "value": "CUSTOM:PreanOre"
    },
    "ambientSound": {
      "value": ""
    },
    "additionsSound": {
      "value": ""
    },
    "music": {
      "value": ""
    },
    "moodSound": {
      "value": ""
    },
    "moodSoundDelay": 6000,
    "spawnParticles": false,
    "particleToSpawn": {
      "value": "EXPLOSION_NORMAL"
    },
    "particlesProbability": 0.5,
    "biomeCategory": "NONE",
    "parent": {
      "value": "No parent"
    },
    "rainingPossibility": 0.0,
    "temperature": 0.0,
    "baseHeight": 0.1,
    "heightVariation": 0.2,
    "biomeType": "WARM",
    "spawnBiome": true,
    "biomeWeight": 0,
    "biomeDictionaryTypes": [
      "PLAINS"
    ],
    "grassPerChunk": 16,
    "seagrassPerChunk": 16,
    "flowersPerChunk": 0,
    "mushroomsPerChunk": 0,
    "bigMushroomsChunk": 0,
    "sandPatchesPerChunk": 0,
    "gravelPatchesPerChunk": 0,
    "reedsPerChunk": 0,
    "cactiPerChunk": 0,
    "treesPerChunk": 1,
    "vanillaTreeType": "Default",
    "treeType": 1,
    "minHeight": 7,
    "maxWaterDepth": 0,
    "treeStem": {
      "value": "CUSTOM:PreanBlock"
    },
    "treeBranch": {
      "value": "CUSTOM:PreanOre"
    },
    "treeVines": {
      "value": "CUSTOM:PreanBlock"
    },
    "treeFruits": {
      "value": "CUSTOM:PreanOre"
    },
    "spawnStronghold": false,
    "spawnMineshaft": false,
    "spawnPillagerOutpost": false,
    "villageType": "plains",
    "spawnWoodlandMansion": false,
    "spawnJungleTemple": false,
    "spawnDesertPyramid": false,
    "spawnIgloo": false,
    "spawnOceanMonument": false,
    "spawnShipwreck": false,
    "oceanRuinType": "NONE",
    "defaultFeatures": [
      "Caves"
    ],
    "spawnEntries": [
      {
        "entity": {
          "value": "EntityAnimal"
        },
        "minGroup": 10,
        "maxGroup": 10,
        "weight": 20,
        "spawnType": "ambient"
      }
    ]
  }
}