{
  "_fv": 18,
  "_type": "armor",
  "definition": {
    "enableHelmet": true,
    "textureHelmet": "prean_armor_latest_head",
    "enableBody": true,
    "textureBody": "prean_armor_texture_body",
    "enableLeggings": true,
    "textureLeggings": "prean_armor_texture_leggings",
    "enableBoots": true,
    "textureBoots": "prean_armor_latest_boots",
    "creativeTab": {
      "value": "COMBAT"
    },
    "armorTextureFile": "prean_armor_latest",
    "helmetName": "Prean Helmet",
    "bodyName": "Prean Chestplate",
    "leggingsName": "Prean Leggings",
    "bootsName": "Prean Boots",
    "helmetSpecialInfo": [],
    "bodySpecialInfo": [],
    "leggingsSpecialInfo": [],
    "bootsSpecialInfo": [],
    "helmetModelName": "Default",
    "helmetModelPart": "Helmet",
    "helmetModelTexture": "From armor",
    "bodyModelName": "Default",
    "bodyModelPart": "Body",
    "armsModelPartL": "Arms L",
    "armsModelPartR": "Arms R",
    "bodyModelTexture": "From armor",
    "leggingsModelName": "Default",
    "leggingsModelPartL": "Leggings L",
    "leggingsModelPartR": "Leggings R",
    "leggingsModelTexture": "From armor",
    "bootsModelName": "Default",
    "bootsModelPartL": "Boots L",
    "bootsModelPartR": "Boots R",
    "bootsModelTexture": "From armor",
    "maxDamage": 1000,
    "damageValueHelmet": 1000,
    "damageValueBody": 1000,
    "damageValueLeggings": 1000,
    "damageValueBoots": 1000,
    "enchantability": 0,
    "toughness": 10.0,
    "knockbackResistance": 5.0,
    "equipSound": {
      "value": ""
    },
    "repairItems": [
      {
        "value": "CUSTOM:Prean"
      }
    ]
  }
}