{
  "_fv": 18,
  "_type": "gui",
  "definition": {
    "type": 1,
    "width": 236,
    "height": 191,
    "inventoryOffsetX": 0,
    "inventoryOffsetY": 0,
    "renderBgLayer": true,
    "doesPauseGame": false,
    "components": [
      {
        "type": "label",
        "data": {
          "text": "Spawning",
          "color": {
            "value": -12829636,
            "falpha": 0.0
          },
          "name": "Spawning",
          "x": 182,
          "y": 32
        }
      },
      {
        "type": "button",
        "data": {
          "text": "Spawn Prean Boss",
          "onClick": {
            "name": "PreanBossSpawnButton"
          },
          "width": 105,
          "height": 20,
          "name": "Spawn Prean Boss",
          "x": 160,
          "y": 68
        }
      }
    ]
  }
}